<?xml version="1.0" encoding="UTF-8"?>
<root>
  <item name="com.makeramen.roundedimageview.RoundedImageView void setBorderWidth(int) 0">
    <annotation name="android.support.annotation.DimenRes" />
  </item>
  <item name="com.makeramen.roundedimageview.RoundedImageView void setCornerRadiusDimen(int) 0">
    <annotation name="android.support.annotation.DimenRes" />
  </item>
  <item name="com.makeramen.roundedimageview.RoundedImageView void setCornerRadiusDimen(int, int) 1">
    <annotation name="android.support.annotation.DimenRes" />
  </item>
  <item name="com.makeramen.roundedimageview.RoundedImageView void setImageResource(int) 0">
    <annotation name="android.support.annotation.DrawableRes" />
  </item>
  <item name="com.makeramen.roundedimageview.TopRoundedImageView void setBorderColor(int) 0">
    <annotation name="android.support.annotation.ColorRes" />
  </item>
  <item name="com.makeramen.roundedimageview.TopRoundedImageView void setBorderWidth(int) 0">
    <annotation name="android.support.annotation.DimenRes" />
  </item>
  <item name="com.makeramen.roundedimageview.TopRoundedImageView void setCornerRadiusDimen(int) 0">
    <annotation name="android.support.annotation.DimenRes" />
  </item>
  <item name="com.makeramen.roundedimageview.TopRoundedImageView void setCornerRadiusDimen(int, int) 1">
    <annotation name="android.support.annotation.DimenRes" />
  </item>
  <item name="com.makeramen.roundedimageview.TopRoundedImageView void setImageResource(int) 0">
    <annotation name="android.support.annotation.DrawableRes" />
  </item>
</root>

